{
    "0.1.0": "config/messages/0.1.0.md",
    "0.1.1": "config/messages/0.1.1.md",
    "0.1.2": "config/messages/0.1.2.md",
    "0.1.3": "config/messages/0.1.3.md",
    "0.1.4": "config/messages/0.1.4.md",
    "0.1.5": "config/messages/0.1.5.md",
    "0.1.6": "config/messages/0.1.6.md",
    "0.1.7": "config/messages/0.1.7.md",
    "0.1.8": "config/messages/0.1.8.md",
    "0.1.9": "config/messages/0.1.9.md",
    "0.2.0": "config/messages/0.2.0.md",
    "0.2.1": "config/messages/0.2.1.md",
    "0.2.2": "config/messages/0.2.2.md",
    "0.2.3": "config/messages/0.2.3.md",
    "0.2.4": "config/messages/0.2.4.md",
    "0.2.5": "config/messages/0.2.5.md",
    "install": "config/messages/install.md"
}