{
  "schema_version": "1.2",
  "packages": [
    {
      "name":          "Open in ConEmu",
      "description":   "Adds a context menu item to folders in the side bar to open the folder in a new ConEmu tab.",
      "author":        "connec",
      "homepage":      "https://github.com/connec/Open-in-ConEmu",
      "last_modified": "2013-06-04 18:39:00",
      "platforms": {
        "windows": [
          {
            "version": "1.1.0",
            "url":     "https://nodeload.github.com/connec/Open-in-ConEmu/zip/1.1.0"
          }
        ]
      }
    }
  ]
}