{
 "2.9.6": "messages/2.9.6.txt",
 "3.8.0": "messages/3.8.0.txt",
 "3.6.3": "messages/3.6.3.txt",
 "3.8.3": "messages/3.8.3.txt",
 "3.5.4": "messages/3.5.4.txt",
 "3.8.7": "messages/3.8.7.txt",
 "3.0.0": "messages/3.0.0.txt",
 "3.5.8": "messages/3.5.8.txt",
 "3.5.10": "messages/3.5.10.txt",
 "2.9.11": "messages/2.9.11.txt",
 "2.9.2": "messages/2.9.2.txt",
 "4.0.0": "messages/4.0.0.txt",
 "3.5.2": "messages/3.5.2.txt",
 "3.8.10": "messages/3.8.10.txt",
 "3.0.2": "messages/3.0.2.txt",
 "3.6.0": "messages/3.6.0.txt",
 "3.8.9": "messages/3.8.9.txt",
 "3.6.4": "messages/3.6.4.txt",
 "3.5.7": "messages/3.5.7.txt",
 "3.5.6": "messages/3.5.6.txt",
 "3.6.6": "messages/3.6.6.txt",
 "3.5.14": "messages/3.5.14.txt",
 "4.0.2": "messages/4.0.2.txt",
 "2.9.10": "messages/2.9.10.txt",
 "2.9.4": "messages/2.9.4.txt",
 "4.0.1": "messages/4.0.1.txt",
 "2.9.8": "messages/2.9.8.txt",
 "4.0.4": "messages/4.0.4.txt",
 "2.9.3": "messages/2.9.3.txt",
 "3.6.8": "messages/3.6.8.txt",
 "3.6.1": "messages/3.6.1.txt",
 "3.5.1": "messages/3.5.1.txt",
 "2.9.1": "messages/2.9.1.txt",
 "3.5.12": "messages/3.5.12.txt",
 "4.0.3": "messages/4.0.3.txt",
 "3.8.6": "messages/3.8.6.txt",
 "3.8.1": "messages/3.8.1.txt",
 "3.5.13": "messages/3.5.13.txt",
 "2.9.9": "messages/2.9.9.txt",
 "3.8.2": "messages/3.8.2.txt",
 "3.6.7": "messages/3.6.7.txt",
 "3.8.4": "messages/3.8.4.txt",
 "3.6.2": "messages/3.6.2.txt",
 "3.0.1": "messages/3.0.1.txt",
 "3.5.0": "messages/3.5.0.txt",
 "2.9.5": "messages/2.9.5.txt",
 "2.9.7": "messages/2.9.7.txt",
 "install": "messages/install.txt",
 "3.5.11": "messages/3.5.11.txt",
 "3.8.5": "messages/3.8.5.txt",
 "3.5.5": "messages/3.5.5.txt",
 "3.5.3": "messages/3.5.3.txt",
 "3.5.9": "messages/3.5.9.txt",
 "3.8.8": "messages/3.8.8.txt"
}